<?xml version="1.0" encoding="utf-8"?>
<!DOCTYPE hibernate-configuration PUBLIC
		"-//Hibernate/Hibernate Configuration DTD 3.0//EN"
		"http://hibernate.sourceforge.net/hibernate-configuration-3.0.dtd">
<hibernate-configuration>
	<session-factory>
		<property name="connection.driver_class">oracle.jdbc.driver.OracleDriver</property>
		<property name="connection.url">jdbc:oracle:thin:@localhost:1521:xe</property>
		<property name="connection.username">hib20150211_user</property>
		<property name="connection.password">welcome1</property>
		
		<property name="show_sql">true</property>

		<mapping resource="com/sh/entities/Doctor.hbm.xml" />
	</session-factory>
</hibernate-configuration>