<?xml version="1.0"?>
<!DOCTYPE hibernate-mapping PUBLIC "-//Hibernate/Hibernate Mapping DTD 3.0//EN"
"http://hibernate.sourceforge.net/hibernate-mapping-3.0.dtd">
<hibernate-mapping package="com.mtml.entities">
	<class name="Passenger" table="PASSENGER">
		<id name="passengerId" column="PASSENGER_ID">
			<generator class="increment" />
		</id>
		<property name="firstNm" column="FIRST_NM" />
		<property name="lastNm" column="LAST_NM" />
		<property name="gender" column="GENDER" />
		<property name="age" column="AGE" />
		<list name="journeys" table="JOURNEY_PASSENGER" inverse="true">
			<key column="P_PASSENGER_ID" />
			<list-index column="IDX"/>
			<many-to-many column="P_JOURNEY_ID" class="Journey" />
		</list>
	</class>
</hibernate-mapping>