<?xml version="1.0"?>
<!DOCTYPE hibernate-mapping PUBLIC "-//Hibernate/Hibernate Mapping DTD 3.0//EN"
"http://hibernate.sourceforge.net/hibernate-mapping-3.0.dtd">
<hibernate-mapping package="com.oto.entities">
	<class name="Address" table="ADDRESS">
		<id name="addressId" column="ADDRESS_ID">
			<generator class="increment" />
		</id>
		<property name="addressLine1" column="ADDRESS_LINE_1" />
		<property name="addressLine2" column="ADDRESS_LINE_2" />
		<property name="city" column="CITY" />
		<property name="state" column="STATE" />
		<property name="zip" column="ZIP" />
		<property name="country" column="COUNTRY" />
	</class>
</hibernate-mapping>