<?xml version="1.0"?>
<!DOCTYPE hibernate-mapping PUBLIC "-//Hibernate/Hibernate Mapping DTD 3.0//EN"
"http://hibernate.sourceforge.net/hibernate-mapping-3.0.dtd">
<hibernate-mapping package="com.hql.entities">
	<class name="Person" table="PERSON">
		<id name="personId" column="PERSON_ID">
			<generator class="increment" />
		</id>
		<property name="firstNm" column="FIRST_NM" />
		<property name="lastNm" column="LAST_NM" />
		<property name="gender" column="GENDER" />
		<property name="age" column="AGE" />
	</class>
</hibernate-mapping>