<?xml version="1.0"?>
<!DOCTYPE hibernate-mapping PUBLIC "-//Hibernate/Hibernate Mapping DTD 3.0//EN"
"http://hibernate.sourceforge.net/hibernate-mapping-3.0.dtd">
<hibernate-mapping package="com.mmm.entities">
	<class name="Customer" table="CUSTOMER">
		<id name="customerId" column="CUSTOMER_ID">
			<generator class="increment" />
		</id>
		<property name="firstNm" column="FIRST_NM" />
		<property name="lastNm" column="LAST_NM" />
		<property name="gender" column="GENDER" />
		<property name="age" column="AGE" />
		<map name="accounts" table="CUSTOMER_ACCOUNT">
			<key column="P_CUSTOMER_ID" />
			<map-key formula="P_ACCOUNT_NO" type="int" />
			<many-to-many column="P_ACCOUNT_NO" class="Account"/>
		</map>
	</class>
</hibernate-mapping>