<?xml version="1.0"?>
<!DOCTYPE hibernate-mapping PUBLIC "-//Hibernate/Hibernate Mapping DTD 3.0//EN"
"http://hibernate.sourceforge.net/hibernate-mapping-3.0.dtd">
<hibernate-mapping package="com.spu.entities">
	<class name="Book" table="BOOK" dynamic-update="true"
		dynamic-insert="true">
		<id name="isbn" column="ISBN">
			<generator class="identity" />
		</id>
		<property name="title" column="TITLE" />
		<property name="authorName" column="AUTHOR_NM" not-null="false" />
		<property name="price" column="PRICE" />
	</class>
</hibernate-mapping>