<?xml version="1.0"?>
<!DOCTYPE hibernate-mapping PUBLIC "-//Hibernate/Hibernate Mapping DTD 3.0//EN"
"http://hibernate.sourceforge.net/hibernate-mapping-3.0.dtd">
<hibernate-mapping package="com.otms.entities">
	<class name="NewTicket" table="TICKET_NEW">
		<id name="ticketId" column="TICKET_ID">
			<generator class="increment" />
		</id>
		<property name="type" column="TYPE" />
		<property name="seatNo" column="SEAT_NO" />
		<property name="busNo" column="BUS_NO" />
		<property name="amount" column="AMOUNT" />
		<many-to-one name="journey" column="P_JOURNEY_ID" cascade="all"/>
	</class>
</hibernate-mapping>