<?xml version="1.0"?>
<!DOCTYPE hibernate-mapping PUBLIC "-//Hibernate/Hibernate Mapping DTD 3.0//EN"
"http://hibernate.sourceforge.net/hibernate-mapping-3.0.dtd">
<hibernate-mapping package="com.mtmwx.entities">
	<class name="Customer" table="CUSTOMER">
		<id name="customerId" column="CUSTOMER_ID">
			<generator class="increment" />
		</id>
		<property name="firstNm" column="FIRST_NM" />
		<property name="lastNm" column="LAST_NM" />
		<property name="gender" column="GENDER" />
		<property name="age" column="AGE" />
		<set name="stocks" table="CUSTOMER_STOCK">
			<key>
				<column name="P_CUSTOMER_ID" />
			</key>
			<one-to-many class="CustomerStock"/>
		</set>
	</class>
</hibernate-mapping>