<?xml version="1.0" encoding="UTF-8"?>
<!DOCTYPE hibernate-configuration PUBLIC
		"-//Hibernate/Hibernate Configuration DTD 3.0//EN"
		"http://hibernate.sourceforge.net/hibernate-configuration-3.0.dtd">
<hibernate-configuration>
	<session-factory>
		<property name="connection.driver_class">com.mysql.jdbc.Driver</property>
		<property name="connection.url">jdbc:mysql://localhost:3306/hibdb</property>
		<property name="connection.username">root</property>
		<property name="connection.password">root</property>

		<property name="hibernate.dialect">org.hibernate.dialect.MySQLDialect</property>
		<property name="show_sql">true</property>
		<property name="hibernate.hbm2ddl.auto">update</property>

		<mapping resource="com/ta/entities/Journey.hbm.xml"/>
		<mapping resource="com/ta/entities/Bus.hbm.xml"/>
		<mapping resource="com/ta/entities/Staff.hbm.xml"/>
		<mapping resource="com/ta/entities/Passenger.hbm.xml"/>
		<mapping resource="com/ta/entities/Ticket.hbm.xml"/>
	</session-factory>
</hibernate-configuration>		